Index,Close
0,123.138466
1,123.793175
2,123.76382
3,123.881195
4,124.00163
5,124.105675
6,124.22076
7,124.33403
8,124.44938
9,124.566185
